{"model_class": "deepsysid.models.recurrent.HybridConstrainedRnn", "parameters": {"device_name": "cpu", "control_names": ["u_1"], "state_names": ["y_1"], "initial_state_names": ["x_1", "x_2", "x_3", "x_4", "x_5", "x_6", "x_7", "x_8"], "time_delta": 0.2, "nwu": 10, "gamma": 6.0, "A_lin": [[1.0, 0.2, 0.0, 0.0, 0.0, 0.0, 0.0, 0.0], [-0.029000000000000005, 0.884, 0.0165, 0.066, 0.0, 0.0, 0.0, 0.0], [0.0, 0.0, 1.0, 0.2, 0.0, 0.0, 0.0, 0.0], [0.01980792316926771, 0.07923169267707084, -0.04481992797118848, 0.8207202881152461, 0.025012004801920774, 0.1000480192076831, 0.0, 0.0], [0.0, 0.0, 0.0, 0.0, 1.0, 0.2, 0.0, 0.0], [0.0, 0.0, 0.031097014925373135, 0.12438805970149254, -0.06841044776119402, 0.7263582089552238, 0.03731343283582089, 0.14925373134328357], [0.0, 0.0, 0.0, 0.0, 0.0, 0.0, 1.0, 0.2], [0.0, 0.0, 0.0, 0.0, 0.05, 0.2, -0.05, 0.8]], "B_lin": [[0.0], [0.2], [0.0], [0.0], [0.0], [0.0], [0.0], [0.0]], "C_lin": [[0.0, 0.0, 0.0, 0.0, 0.0, 0.0, 1.0, 0.0]], "D_lin": [[0.0]], "alpha": 0.0, "beta": 1.0, "loss": "mse", "decay_rate": 10.0, "sequence_length": [1000], "learning_rate": 0.001, "batch_size": 2, "epochs_predictor": 1500, "clip_gradient_norm": 500.0, "epochs_without_projection": 100, "initial_decay_parameter": 0.1, "extend_state": false, "nonlinearity": "ReLU", "decay_rate_lr": 4, "enforce_constraints_method": "barrier", "epochs_with_const_decay": 10, "initial_window_size": 100, "normalize_rnn": false, "optimizer": "MOSEK"}}