{"result_directory": "~/coupled-msd", "base_name": "coupled_msd_initial_state-0_u-15", "seed": 2023, "K": 100, "T": 1200.0, "step_size": 0.2, "input_generator": {"type": "random_static_input", "u_min": -1.5, "u_max": 1.5, "interval_min": 80.0, "interval_max": 120.0}, "system": {"name": "CoupledMsd", "A": [[1.0, 0.2, 0.0, 0.0, 0.0, 0.0, 0.0, 0.0], [-0.029000000000000005, 0.884, 0.0165, 0.066, 0.0, 0.0, 0.0, 0.0], [0.0, 0.0, 1.0, 0.2, 0.0, 0.0, 0.0, 0.0], [0.01980792316926771, 0.07923169267707084, -0.04481992797118848, 0.8207202881152461, 0.025012004801920774, 0.1000480192076831, 0.0, 0.0], [0.0, 0.0, 0.0, 0.0, 1.0, 0.2, 0.0, 0.0], [0.0, 0.0, 0.031097014925373135, 0.12438805970149254, -0.06841044776119402, 0.7263582089552238, 0.03731343283582089, 0.14925373134328357], [0.0, 0.0, 0.0, 0.0, 0.0, 0.0, 1.0, 0.2], [0.0, 0.0, 0.0, 0.0, 0.05, 0.2, -0.05, 0.8]], "B": [[0.0], [0.2], [0.0], [0.0], [0.0], [0.0], [0.0], [0.0]], "C": [[0.0, 0.0, 0.0, 0.0, 0.0, 0.0, 1.0, 0.0]], "xbar": [0.0, 0.0, 0.0, 0.0, 0.0, 0.0, 0.0, 0.0], "ubar": [0.0], "nx": 8, "ny": 1, "nu": 1, "N": 4, "k": [0.25, 0.33, 0.4167, 0.5], "c": [0.25, 0.33, 0.4167, 0.5], "m": [1.0, 0.833, 0.67, 0.5]}, "simulator": {"initial_state": [0.0, 0.0, 0.0, 0.0, 0.0, 0.0, 0.0, 0.0], "method": null}, "measurement_noise": {"type": "gaussian", "mean": 0.0, "std": 0.03}}