{"state_mean": [0.2916223704814911, -0.0031153582967817783, 0.29649806022644043, -0.0037991066928952932, 0.29936662316322327, -0.004246363881975412, 0.3004187047481537, -0.004406213294714689], "state_std": [15.004423141479492, 1.3348088264465332, 17.97410774230957, 1.7074990272521973, 19.70688247680664, 1.9605804681777954, 20.371082305908203, 2.061202049255371], "control_mean": [0.017199140915450058], "control_std": [0.8667164128778495]}